{
    "info": {
        "name": "myapi.rest \u2014 QR Code API",
        "schema": "https://schema.getpostman.com/json/collection/v2.1.0/collection.json"
    },
    "item": [
        {
            "name": "Generate QR Code",
            "request": {
                "method": "POST",
                "header": [
                    {
                        "key": "Authorization",
                        "value": "Bearer <API_KEY>"
                    },
                    {
                        "key": "Content-Type",
                        "value": "application/json"
                    }
                ],
                "url": "https://api.myapi.rest/api/qrcode/generate",
                "body": {
                    "mode": "raw",
                    "raw": "{\n    \"data\": \"https://marquis.it.com\",\n    \"output_format\": \"PNG\",\n    \"pixels_per_module\": 20\n}"
                }
            }
        }
    ]
}